area,bedrooms,bathrooms,floors,location,parking,furnishing,property_type,age,price
3674,2,1,3,Gurgaon,1,Unfurnished,Apartment,9,52406700.97510705
1360,1,2,3,Prayagraj,1,Unfurnished,Apartment,26,6277650.233814565
1794,2,1,1,Noida,0,Unfurnished,House,19,19194558.03489284
1630,1,1,2,Mumbai,0,Semi-Furnished,Apartment,8,25324063.092042115
1595,4,2,3,Noida,1,Semi-Furnished,House,16,18632269.554446556
3592,4,2,1,Lucknow,1,Unfurnished,Apartment,26,27444817.885415986
2138,5,4,1,Noida,1,Unfurnished,Apartment,14,24866621.922326162
2669,2,1,1,Prayagraj,1,Furnished,Apartment,1,14343779.065675864
966,5,3,3,Lucknow,0,Furnished,House,29,8915194.200151112
1738,2,2,3,Mumbai,0,Semi-Furnished,House,3,27915129.57910709
830,5,4,2,Delhi,2,Semi-Furnished,Villa,18,14148270.920304185
1982,3,3,3,Jaipur,1,Furnished,House,16,18588029.576505918
2635,3,1,3,Lucknow,2,Unfurnished,Apartment,4,19935554.792415187
3944,3,4,1,Pune,0,Semi-Furnished,Apartment,6,46474834.35113749
3671,3,2,2,Prayagraj,0,Unfurnished,House,17,18785595.632906098
3419,1,3,3,Lucknow,2,Furnished,House,20,24084670.842822954
630,3,2,3,Lucknow,1,Semi-Furnished,House,21,5439901.01014521
2185,4,1,1,Pune,1,Semi-Furnished,Villa,26,26203880.58095089
3880,4,3,1,Mumbai,1,Furnished,Apartment,6,62724722.519892365
1269,1,1,3,Lucknow,1,Semi-Furnished,Villa,16,8971711.196751371
2891,3,1,2,Jaipur,2,Furnished,Villa,6,26424993.097401198
2015,3,4,2,Noida,2,Semi-Furnished,Apartment,3,23941809.355207913
3985,3,2,1,Mumbai,0,Furnished,Apartment,7,62434053.48718736
3353,5,3,1,Jaipur,1,Semi-Furnished,House,12,30892631.190405846
2933,2,1,3,Mumbai,1,Unfurnished,House,3,46381620.20200927
1715,5,1,1,Jaipur,1,Unfurnished,Villa,5,17436845.16846298
1455,2,3,3,Prayagraj,2,Unfurnished,House,24,7696264.749698952
2824,3,1,2,Jaipur,1,Semi-Furnished,House,4,24965267.712169614
1684,3,4,2,Kanpur,2,Semi-Furnished,Apartment,29,10757626.521606596
959,5,4,3,Jaipur,1,Unfurnished,Apartment,11,10832887.748002723
3885,5,4,1,Delhi,1,Unfurnished,House,3,52289245.390208185
521,2,4,2,Delhi,0,Furnished,Apartment,23,7374160.213554436
2800,4,1,1,Bangalore,1,Furnished,House,28,38048477.918137774
1247,2,3,2,Kanpur,1,Furnished,Apartment,8,8964791.37142641
3404,5,3,3,Kanpur,0,Unfurnished,Apartment,3,22869547.553002212
974,5,3,3,Noida,2,Unfurnished,Apartment,18,13308455.371479107
1582,1,3,3,Kanpur,2,Unfurnished,Apartment,23,8373601.417422568
3058,5,2,2,Noida,1,Furnished,House,13,34288013.16884908
2547,1,3,1,Bangalore,2,Semi-Furnished,Villa,4,35135773.940483905
3247,4,2,1,Bangalore,1,Unfurnished,Apartment,17,44061963.37032496
1475,2,2,1,Prayagraj,0,Semi-Furnished,House,9,7839554.14142536
2306,2,4,2,Delhi,0,Semi-Furnished,House,24,29759885.015383724
689,1,2,2,Jaipur,1,Semi-Furnished,Apartment,18,5813112.9594354695
3505,2,1,2,Jaipur,0,Furnished,Villa,11,30146325.08865446
3234,5,2,2,Pune,0,Semi-Furnished,Apartment,17,37680385.81936152
3505,3,4,2,Pune,1,Unfurnished,House,16,40875858.824641585
1062,1,2,1,Gurgaon,1,Furnished,Villa,29,14643954.87536329
2399,2,1,2,Mumbai,0,Unfurnished,House,23,37049700.73571243
1767,1,1,2,Prayagraj,2,Unfurnished,Apartment,10,9431746.788823942
3379,1,1,1,Gurgaon,2,Furnished,Villa,2,48450287.180998765
2028,3,4,2,Gurgaon,1,Unfurnished,House,22,29738446.515622918
3702,5,4,1,Lucknow,1,Unfurnished,House,16,28824059.441537563
1146,1,3,1,Lucknow,2,Furnished,House,0,9172003.452652482
2568,2,4,3,Gurgaon,0,Unfurnished,Apartment,14,37116885.840486355
3388,4,1,3,Kanpur,2,Semi-Furnished,Villa,27,19644991.264025148
2714,1,1,3,Mumbai,2,Unfurnished,Apartment,8,42978312.21613813
1797,1,4,3,Prayagraj,2,Semi-Furnished,Apartment,14,9768552.849734634
2935,3,2,2,Gurgaon,2,Unfurnished,Apartment,27,42571971.72311403
1100,5,4,3,Jaipur,1,Furnished,Villa,23,11895748.034344222
2863,4,4,1,Mumbai,1,Furnished,Apartment,27,45447368.86917189
2561,2,1,2,Lucknow,0,Unfurnished,Apartment,28,17902553.29950076
741,4,3,3,Jaipur,0,Furnished,Apartment,2,9279259.132543921
2541,2,1,1,Lucknow,0,Unfurnished,Apartment,21,17948209.604198743
3324,5,3,2,Lucknow,0,Furnished,House,26,25255014.67617062
3917,2,1,2,Mumbai,2,Semi-Furnished,Apartment,18,60696071.34582247
3112,3,4,3,Lucknow,1,Unfurnished,House,12,23846051.613238674
3445,3,1,2,Bangalore,1,Semi-Furnished,Apartment,11,47287449.09440107
1863,3,1,1,Delhi,0,Semi-Furnished,Villa,19,23984392.092940744
2639,3,1,2,Bangalore,0,Unfurnished,House,0,36309052.03166017
1890,4,4,1,Delhi,2,Semi-Furnished,House,20,26757985.249791596
3503,5,4,2,Pune,2,Unfurnished,House,16,42535660.25299237
1978,2,4,3,Pune,0,Semi-Furnished,House,12,23279770.947314307
3999,2,4,1,Lucknow,1,Unfurnished,Villa,0,30252828.628579028
3056,3,3,2,Prayagraj,1,Unfurnished,Apartment,9,16185110.666163506
1275,3,3,2,Prayagraj,1,Furnished,House,14,6958964.513044822
534,1,2,2,Delhi,0,Unfurnished,Villa,26,6970466.543738901
2753,5,4,1,Jaipur,1,Unfurnished,House,26,25589975.57013077
3652,4,3,1,Mumbai,2,Semi-Furnished,Apartment,29,57816948.7652577
2455,2,1,1,Lucknow,2,Unfurnished,House,6,18551328.602406476
2085,1,4,3,Mumbai,0,Furnished,Villa,27,33872065.82945985
3959,1,2,3,Bangalore,2,Semi-Furnished,Apartment,21,53339247.643122666
3573,2,2,1,Prayagraj,0,Semi-Furnished,Villa,17,17634979.866812598
1521,4,2,2,Kanpur,1,Furnished,Apartment,15,9577411.804039838
3961,1,1,3,Bangalore,1,Semi-Furnished,Apartment,13,53458567.88167971
3113,1,3,1,Bangalore,1,Semi-Furnished,Apartment,26,41930947.927115
1629,5,1,2,Delhi,2,Semi-Furnished,House,27,22512930.38377522
2000,4,4,3,Noida,0,Semi-Furnished,Villa,17,22743560.484550305
1202,1,2,2,Bangalore,1,Furnished,Villa,26,16018242.694941988
2949,4,1,2,Lucknow,0,Furnished,Villa,6,22231327.415628266
3277,2,1,2,Gurgaon,1,Semi-Furnished,Apartment,16,46809390.94301048
2079,3,3,2,Gurgaon,2,Semi-Furnished,House,28,30747328.45363617
661,1,3,3,Lucknow,2,Furnished,Apartment,17,5055263.620585232
701,5,2,3,Noida,0,Furnished,Villa,11,10376405.080607712
2481,2,1,3,Noida,2,Furnished,House,7,27307926.199781355
1495,4,1,1,Delhi,2,Semi-Furnished,House,21,20582936.606220994
2817,2,3,3,Prayagraj,0,Semi-Furnished,House,29,13448483.318154598
1315,1,1,2,Mumbai,1,Unfurnished,Villa,1,21217107.25297745
3842,4,1,3,Noida,2,Furnished,House,6,42253207.80629267
955,3,1,2,Kanpur,0,Semi-Furnished,House,3,7185316.727007086
1775,2,3,1,Delhi,2,Furnished,Apartment,17,24298581.33482563
1516,1,2,2,Pune,2,Semi-Furnished,Apartment,27,17073960.104658175
2843,5,4,2,Jaipur,2,Furnished,House,5,26980772.54678341
3267,4,2,2,Pune,2,Semi-Furnished,House,26,38403633.0458888
837,2,4,1,Delhi,0,Unfurnished,Apartment,8,12347094.372893859
1378,2,1,3,Bangalore,0,Unfurnished,Apartment,26,19306700.873200156
1576,3,2,3,Mumbai,0,Furnished,Apartment,8,25997383.980450474
1291,3,4,1,Jaipur,2,Semi-Furnished,Villa,13,12701662.504387965
2764,5,3,2,Pune,2,Semi-Furnished,Villa,7,34542120.61282319
1263,5,3,3,Jaipur,2,Furnished,Apartment,18,13195360.963847203
2735,1,2,1,Kanpur,0,Semi-Furnished,House,2,16256125.494855886
879,1,2,3,Kanpur,2,Furnished,Apartment,17,4908161.984812224
992,5,1,1,Kanpur,1,Semi-Furnished,Villa,4,8193982.593598293
3612,5,2,2,Delhi,2,Furnished,House,13,48176602.34874522
1680,4,1,3,Mumbai,1,Semi-Furnished,Villa,27,26857825.662131567
2562,3,1,1,Delhi,2,Furnished,House,29,32585756.31878459
564,1,3,3,Gurgaon,0,Semi-Furnished,Villa,3,9140114.565172648
3068,3,3,3,Bangalore,2,Unfurnished,House,6,42592663.79157908
1867,3,4,3,Bangalore,1,Semi-Furnished,House,19,25951602.699738003
1652,5,3,3,Kanpur,1,Furnished,House,24,11805968.08536322
2527,4,3,1,Gurgaon,2,Unfurnished,House,27,37386875.08904364
3195,2,2,2,Noida,1,Semi-Furnished,Villa,11,33993697.75965983
1995,4,3,1,Noida,1,Unfurnished,Villa,1,22882722.476783767
3634,4,4,1,Kanpur,0,Semi-Furnished,House,10,22346028.977301717
1662,3,2,1,Pune,2,Unfurnished,House,13,20200250.5027634
2022,4,4,2,Delhi,2,Furnished,Villa,21,28304374.78738275
3140,1,3,3,Kanpur,2,Semi-Furnished,House,22,17957627.71609374
891,3,4,3,Prayagraj,1,Semi-Furnished,House,15,5881219.475635984
2198,1,2,3,Jaipur,2,Furnished,House,19,18887493.11454153
918,2,1,2,Bangalore,2,Unfurnished,Apartment,28,12302391.94237521
2836,3,4,3,Noida,0,Furnished,House,5,31337496.3462735
878,2,4,2,Lucknow,0,Furnished,Apartment,22,6358468.557540644
2296,3,2,3,Noida,0,Unfurnished,House,3,25283901.248942353
2778,5,2,3,Bangalore,1,Furnished,Villa,14,40637325.76745397
3565,4,4,1,Jaipur,2,Semi-Furnished,Apartment,23,32525990.720136806
2588,5,3,2,Bangalore,0,Semi-Furnished,Apartment,24,36173541.97073232
3599,2,4,1,Lucknow,0,Semi-Furnished,House,0,27747133.411414467
2682,4,2,1,Kanpur,0,Furnished,House,6,16935171.85616927
700,3,1,1,Gurgaon,2,Semi-Furnished,Apartment,24,11187590.198486865
2363,4,1,2,Lucknow,2,Semi-Furnished,Villa,11,18581153.22853473
1279,1,3,2,Bangalore,2,Semi-Furnished,Villa,9,17781274.37510135
3477,4,4,3,Bangalore,1,Semi-Furnished,House,4,49534010.17291448
3604,1,1,1,Prayagraj,1,Semi-Furnished,Villa,11,18078359.786361843
3619,4,4,3,Prayagraj,0,Semi-Furnished,Villa,17,20082233.886089664
1002,1,2,1,Mumbai,2,Furnished,House,9,16388553.511592057
2954,2,1,2,Prayagraj,0,Semi-Furnished,Villa,5,15577107.386435464
2251,5,3,2,Delhi,2,Semi-Furnished,House,27,30962876.94404337
1304,3,2,2,Gurgaon,2,Unfurnished,Apartment,11,21297903.424408834
2646,4,3,1,Jaipur,2,Furnished,House,6,25600795.95027478
3231,5,2,2,Lucknow,1,Furnished,Apartment,17,25026822.580141522
2395,3,1,1,Bangalore,1,Furnished,Apartment,1,33548196.542550214
3273,3,3,3,Mumbai,2,Furnished,Villa,9,52403832.54099901
2070,1,3,1,Mumbai,0,Semi-Furnished,Villa,14,31799935.35269478
1460,2,2,3,Jaipur,2,Semi-Furnished,Villa,29,12946271.771276608
3160,2,3,1,Gurgaon,2,Unfurnished,House,11,45232538.654170826
1985,5,2,3,Lucknow,0,Unfurnished,Villa,25,15458772.843975369
3190,2,2,2,Noida,2,Furnished,Apartment,16,34830174.351451
1528,4,2,3,Prayagraj,0,Unfurnished,Villa,3,9718537.348101737
3789,2,2,2,Kanpur,1,Unfurnished,Villa,6,22322256.004735373
1002,5,1,2,Mumbai,1,Furnished,House,29,16282059.656947179
3314,2,2,3,Prayagraj,0,Furnished,House,8,17941263.366152406
897,4,4,1,Prayagraj,1,Unfurnished,Apartment,18,6228689.067273561
1370,1,3,1,Delhi,1,Semi-Furnished,House,27,17019062.086526025
3342,5,4,1,Gurgaon,0,Unfurnished,Villa,26,48092135.290083066
892,1,1,1,Kanpur,1,Unfurnished,House,22,4785269.47609605
706,1,4,1,Noida,2,Semi-Furnished,Apartment,6,8746352.556819221
1538,1,3,2,Bangalore,2,Semi-Furnished,Villa,22,20996328.958484206
2381,3,4,1,Delhi,0,Furnished,Apartment,1,31863284.161521215
3439,3,1,2,Prayagraj,1,Furnished,House,5,18868190.396767568
1984,1,2,2,Prayagraj,2,Unfurnished,House,17,9251994.723576942
1363,5,4,2,Pune,2,Semi-Furnished,Apartment,5,18769511.250008795
3290,4,1,3,Kanpur,1,Furnished,Villa,12,20281744.141569793
3812,4,1,3,Kanpur,1,Unfurnished,House,25,22526087.003353044
1063,2,3,2,Pune,2,Semi-Furnished,House,18,13134477.435580134
1520,5,3,3,Kanpur,2,Unfurnished,Villa,29,11006335.842130434
595,3,4,1,Prayagraj,0,Furnished,House,1,6027849.352486526
2423,1,2,1,Mumbai,0,Furnished,Apartment,11,37686396.03584353
2257,2,1,2,Lucknow,2,Semi-Furnished,House,14,16165078.682430193
3032,4,4,1,Prayagraj,0,Unfurnished,House,13,17487158.641146377
3978,3,1,2,Delhi,2,Semi-Furnished,Villa,5,51782680.3076279
2778,3,1,2,Gurgaon,2,Furnished,Apartment,17,40724309.85581109
3296,1,2,1,Pune,0,Furnished,Villa,4,37414216.69281394
2178,4,2,3,Noida,0,Unfurnished,House,17,24089994.55568361
3742,5,4,1,Bangalore,1,Unfurnished,House,2,53390496.87547634
1040,3,2,1,Noida,1,Unfurnished,Villa,2,12099791.104381504
1559,1,2,2,Prayagraj,1,Semi-Furnished,Villa,21,7505385.643120858
3072,5,4,2,Delhi,2,Unfurnished,Villa,21,41292279.71169583
1683,4,2,2,Prayagraj,0,Unfurnished,Apartment,9,10406936.16038634
2222,3,3,2,Gurgaon,2,Furnished,House,18,32259863.951864902
3814,5,1,3,Mumbai,0,Furnished,Villa,2,60945849.76386603
3657,5,1,3,Bangalore,2,Unfurnished,House,28,50866556.8453482
2319,5,1,3,Gurgaon,1,Unfurnished,Apartment,11,34809269.27270717
3125,3,1,2,Pune,1,Furnished,Apartment,28,35932318.59195148
3229,3,4,2,Pune,1,Unfurnished,Apartment,15,37793906.29930827
3104,2,1,2,Prayagraj,2,Semi-Furnished,Apartment,16,15932374.51878956
2097,4,1,3,Delhi,0,Semi-Furnished,House,6,28479467.213514607
3560,1,1,2,Gurgaon,0,Semi-Furnished,Apartment,12,50863777.45381163
3193,5,1,1,Jaipur,1,Unfurnished,Apartment,23,28462390.90991426
1295,2,3,1,Delhi,1,Furnished,Villa,1,18083865.55313981
1551,1,1,2,Mumbai,1,Unfurnished,Apartment,3,25184476.513868373
2143,2,3,1,Pune,1,Unfurnished,Villa,9,25261694.280757457
1863,3,4,1,Prayagraj,0,Furnished,Apartment,6,11471014.595836377
2481,5,2,3,Kanpur,2,Furnished,Apartment,23,16549079.603209516
1854,1,1,2,Pune,2,Furnished,Villa,16,20726879.06415053
2163,1,2,2,Bangalore,2,Semi-Furnished,Apartment,19,29288131.22324183
2029,1,2,3,Lucknow,2,Unfurnished,House,5,16125775.355072506
2538,1,4,1,Kanpur,1,Furnished,House,18,15423459.024419077
3919,1,2,1,Prayagraj,1,Unfurnished,Apartment,4,20295566.534842405
1996,2,3,2,Jaipur,1,Semi-Furnished,House,9,18104239.34408368
3802,5,2,1,Kanpur,2,Semi-Furnished,Villa,8,23889040.85936258
2737,3,2,3,Bangalore,1,Furnished,Apartment,26,36758007.0383821
3796,3,2,3,Delhi,1,Furnished,Apartment,12,50134411.97998284
1908,3,1,2,Jaipur,0,Unfurnished,Villa,18,17534935.522685
1900,3,1,3,Pune,0,Furnished,Villa,20,21701442.761229713
1806,2,3,3,Jaipur,1,Unfurnished,Villa,23,16089243.499039069
3180,4,3,2,Gurgaon,0,Furnished,Apartment,5,47075663.249253154
3175,5,1,3,Bangalore,0,Unfurnished,Villa,3,45419707.73066204
1472,1,3,3,Kanpur,1,Unfurnished,Villa,23,8684600.599150674
2268,4,1,3,Gurgaon,1,Unfurnished,House,26,32840590.619634826
1782,3,4,1,Jaipur,1,Unfurnished,House,2,17247957.19885216
3930,4,2,2,Gurgaon,1,Semi-Furnished,Apartment,2,57740433.92256291
1209,5,2,2,Noida,2,Unfurnished,House,3,15670408.71451869
1979,1,3,2,Bangalore,2,Furnished,House,24,26781042.47256492
1934,1,1,1,Mumbai,1,Semi-Furnished,Villa,4,30445614.460270848
1148,5,1,1,Delhi,0,Semi-Furnished,Villa,7,16678554.060064927
817,5,3,2,Jaipur,1,Unfurnished,House,15,9026429.61318409
3796,3,1,1,Bangalore,1,Semi-Furnished,House,21,51593897.62637365
1757,1,4,2,Mumbai,0,Unfurnished,House,2,28479085.17068952
1183,4,2,1,Mumbai,2,Furnished,Apartment,23,20761910.427733213
1163,2,3,3,Prayagraj,1,Unfurnished,Apartment,11,6532527.580811196
2498,2,3,3,Gurgaon,1,Semi-Furnished,Apartment,24,35984649.0961165
3945,5,1,2,Mumbai,2,Furnished,House,7,63411676.76598669
2131,3,3,1,Noida,2,Unfurnished,House,12,25375379.19916328
1995,2,4,1,Bangalore,0,Furnished,Apartment,3,28657985.958530735
3804,1,1,3,Lucknow,2,Furnished,Apartment,13,27190344.290817544
1636,5,1,3,Lucknow,2,Semi-Furnished,House,13,13811948.78251309
2353,4,1,1,Jaipur,2,Furnished,Villa,12,21363639.47266719
2020,5,1,1,Pune,0,Semi-Furnished,Apartment,26,24229696.396320466
2989,4,4,1,Gurgaon,2,Furnished,House,5,44204848.69543162
1063,5,1,1,Pune,2,Unfurnished,House,16,13487457.955707515
1791,5,3,1,Mumbai,0,Furnished,Villa,3,31187619.21841475
3957,5,4,1,Bangalore,2,Unfurnished,House,7,55197037.93047797
3958,4,2,2,Jaipur,2,Unfurnished,House,16,35087413.22085458
3684,4,2,1,Kanpur,0,Furnished,Apartment,2,22505836.75437052
2136,5,3,3,Mumbai,1,Unfurnished,Apartment,16,35293164.65380517
3499,2,3,2,Gurgaon,0,Furnished,Villa,8,50428272.65116967
3652,3,4,1,Lucknow,2,Furnished,Villa,1,28806277.645482086
1198,3,2,3,Prayagraj,2,Unfurnished,House,24,7579016.794866361
2660,3,2,2,Bangalore,2,Unfurnished,Apartment,12,36618523.390420586
501,4,2,3,Delhi,0,Semi-Furnished,Villa,19,7629619.031686618
1141,4,2,1,Pune,2,Unfurnished,Villa,1,17555475.061105978
2767,2,2,1,Jaipur,2,Semi-Furnished,Villa,19,23967792.65703232
2089,3,1,1,Pune,0,Unfurnished,House,27,23355694.602002047
1354,3,3,1,Bangalore,1,Furnished,Apartment,10,19550299.61862928
2259,5,1,2,Pune,1,Unfurnished,Villa,26,26778730.041845337
3796,4,2,2,Bangalore,2,Furnished,Apartment,25,51840431.31860577
2932,3,4,3,Pune,0,Furnished,Villa,21,34171214.93840256
3974,2,4,1,Noida,2,Furnished,Villa,14,43316286.723136716
2161,2,2,3,Kanpur,0,Semi-Furnished,Apartment,10,13087396.068853417
1653,3,2,2,Mumbai,0,Unfurnished,Apartment,22,25878456.751364406
1576,4,4,1,Mumbai,1,Furnished,Apartment,2,27505065.51057807
2207,2,1,1,Gurgaon,1,Furnished,House,2,32258523.47494034
3277,5,1,2,Delhi,0,Semi-Furnished,Villa,27,42938490.835274965
2195,2,2,2,Delhi,2,Unfurnished,House,25,27349772.973137423
2233,1,1,2,Gurgaon,1,Unfurnished,Apartment,11,31690422.12184574
1939,1,4,2,Prayagraj,2,Semi-Furnished,Villa,23,9158301.842048991
2794,4,1,2,Mumbai,1,Semi-Furnished,House,4,45139814.55276171
1335,3,2,1,Prayagraj,1,Unfurnished,Villa,19,8070468.146376538
702,4,4,2,Bangalore,2,Semi-Furnished,House,6,12859489.575801183
3755,4,1,1,Bangalore,1,Unfurnished,Apartment,6,52208730.0320485
622,4,3,1,Lucknow,1,Unfurnished,House,12,6991695.367646495
900,4,4,2,Pune,2,Furnished,Villa,8,12830497.51895877
1266,5,4,2,Delhi,1,Furnished,Villa,24,18147016.11503752
793,5,3,1,Lucknow,1,Unfurnished,Villa,20,9297379.081261864
2827,2,3,2,Kanpur,1,Unfurnished,Villa,12,17544780.155932605
3431,1,4,2,Gurgaon,2,Unfurnished,Apartment,11,48697508.074267305
697,4,3,2,Gurgaon,0,Unfurnished,House,12,11040668.039233504
3529,2,2,3,Bangalore,2,Unfurnished,Apartment,23,47353165.275468215
2430,1,2,1,Mumbai,0,Unfurnished,Apartment,9,38567934.25315433
3299,3,2,3,Prayagraj,1,Semi-Furnished,Apartment,0,18339469.577014383
2691,5,4,2,Delhi,0,Unfurnished,Villa,24,35094590.088819355
1108,1,3,3,Lucknow,2,Semi-Furnished,Villa,7,8867353.288405046
3772,3,3,2,Prayagraj,2,Semi-Furnished,Villa,21,19981599.224875726
1647,1,1,3,Lucknow,1,Unfurnished,House,15,10471166.31026726
686,5,1,2,Pune,0,Unfurnished,Villa,12,9845283.076025095
3897,5,3,3,Kanpur,1,Semi-Furnished,House,2,24616515.99620434
3011,2,3,3,Kanpur,1,Semi-Furnished,Villa,2,17743826.794605844
3920,4,3,3,Prayagraj,2,Unfurnished,Villa,23,21910253.7900827
2294,1,4,1,Prayagraj,0,Unfurnished,Apartment,4,12011798.899607535
1159,1,3,3,Prayagraj,0,Semi-Furnished,Apartment,25,5345457.63227186
3311,3,1,1,Lucknow,0,Semi-Furnished,Apartment,10,24086708.556966662
3502,5,4,2,Pune,0,Semi-Furnished,House,29,41273519.37546215
2455,1,3,3,Noida,1,Furnished,House,6,27760655.303527936
2950,5,1,2,Prayagraj,1,Semi-Furnished,Villa,20,15756906.564882034
1869,1,4,2,Mumbai,2,Furnished,House,23,29279198.242775705
2486,2,3,3,Delhi,1,Unfurnished,Villa,9,32834030.9395132
2034,4,3,1,Delhi,1,Unfurnished,House,9,27644004.12642025
646,1,3,3,Lucknow,2,Semi-Furnished,House,19,4960556.797710697
3719,5,4,2,Prayagraj,2,Unfurnished,House,1,22270349.90337478
3411,2,1,2,Bangalore,2,Unfurnished,Apartment,2,46438447.50664675
2234,1,1,3,Gurgaon,1,Unfurnished,House,7,31656678.74563491
2343,3,2,1,Noida,1,Unfurnished,Apartment,10,26035823.036540356
988,4,3,1,Mumbai,2,Furnished,Apartment,12,17613296.659432832
3476,1,2,2,Pune,2,Furnished,House,6,40052775.85731162
2459,2,2,2,Bangalore,2,Semi-Furnished,Villa,12,34197980.38405344
2163,3,1,1,Kanpur,1,Semi-Furnished,Villa,1,14931577.15098117
3098,2,4,3,Bangalore,1,Semi-Furnished,Villa,5,41774161.78407289
2885,2,4,2,Lucknow,0,Unfurnished,House,8,21711304.330397278
3419,3,1,1,Noida,1,Unfurnished,Villa,19,36167281.9638789
1140,2,4,2,Jaipur,1,Furnished,Apartment,24,10333314.999674547
2302,3,2,3,Jaipur,1,Furnished,Villa,1,21877233.66534704
3020,1,3,1,Prayagraj,2,Semi-Furnished,House,17,16096896.261071187
2469,3,1,2,Prayagraj,1,Furnished,Villa,15,13870457.288409203
2698,3,3,3,Lucknow,2,Furnished,Apartment,24,20853646.25742521
1938,4,4,2,Pune,0,Furnished,House,11,24068632.464189786
3869,3,3,3,Prayagraj,0,Furnished,Villa,6,21607365.13735358
2134,3,4,3,Gurgaon,2,Furnished,House,6,33174424.89730292
762,1,4,1,Noida,2,Semi-Furnished,House,16,9070400.227270756
2287,4,2,3,Lucknow,2,Semi-Furnished,House,12,18797618.300783783
2691,5,4,2,Delhi,1,Furnished,Villa,10,37077218.50925829
2893,1,2,3,Kanpur,0,Semi-Furnished,House,5,17655916.25777544
1123,1,2,3,Lucknow,2,Unfurnished,Villa,28,7680168.381318221
1516,5,2,1,Lucknow,1,Furnished,Apartment,22,12357239.759153407
1380,3,1,3,Jaipur,0,Unfurnished,Villa,26,11482004.284864191
2549,2,1,3,Mumbai,1,Semi-Furnished,Apartment,13,39917785.483381175
3444,4,4,2,Pune,0,Semi-Furnished,Villa,5,41364994.097164154
1827,2,2,1,Mumbai,1,Unfurnished,House,5,29062873.669312026
2801,5,1,1,Gurgaon,0,Semi-Furnished,Villa,1,41788945.77050217
952,1,2,1,Delhi,0,Furnished,House,21,11681925.345289618
3608,1,3,3,Jaipur,1,Unfurnished,Apartment,19,30218712.226834744
1683,4,3,1,Delhi,2,Furnished,Villa,24,23573742.330776792
3562,1,3,3,Gurgaon,0,Unfurnished,House,14,51023951.80155289
2556,1,4,3,Mumbai,2,Semi-Furnished,Apartment,27,40328116.33914615
3804,4,2,2,Lucknow,1,Unfurnished,Apartment,16,28435922.10468925
3670,4,3,2,Prayagraj,2,Unfurnished,Villa,28,19621808.597304065
2182,5,1,2,Prayagraj,2,Furnished,Apartment,7,12860213.322130324
3363,1,3,2,Bangalore,2,Semi-Furnished,House,4,46285216.44762067
2755,1,3,2,Kanpur,2,Furnished,Apartment,16,16262815.85309281
1654,5,3,3,Pune,2,Semi-Furnished,Apartment,19,22546773.69826284
903,3,4,3,Gurgaon,0,Furnished,House,0,15685551.181007871
2699,3,1,1,Kanpur,0,Unfurnished,Apartment,21,15972022.463285428
2601,3,2,3,Pune,0,Furnished,Apartment,17,30260395.34450334
3691,5,1,3,Kanpur,1,Semi-Furnished,Apartment,14,23370253.268538613
2196,1,2,2,Mumbai,2,Semi-Furnished,Apartment,4,34460530.66480974
1127,5,4,3,Pune,0,Unfurnished,House,6,16392218.906007016
1086,5,4,2,Mumbai,1,Semi-Furnished,Apartment,17,18980828.24988135
2148,3,4,1,Lucknow,0,Furnished,House,5,17005238.071392633
1943,2,4,1,Jaipur,0,Unfurnished,Apartment,21,16352110.25029777
1945,1,2,3,Mumbai,2,Semi-Furnished,Apartment,20,30560038.11152455
603,3,3,1,Prayagraj,1,Semi-Furnished,Apartment,4,5279664.513131594
753,2,2,3,Kanpur,2,Furnished,Apartment,29,4286058.487616988
3798,2,1,1,Bangalore,2,Furnished,House,18,50698830.60451209
3683,4,4,2,Noida,0,Unfurnished,House,9,41910861.113350034
3057,1,4,2,Pune,2,Semi-Furnished,House,14,35271598.03119841
1996,2,1,2,Gurgaon,1,Furnished,Villa,9,28510352.31273971
598,3,2,2,Bangalore,2,Unfurnished,Apartment,26,9914366.481809013
2700,4,3,3,Prayagraj,2,Semi-Furnished,Apartment,15,15201468.540429143
2384,1,3,1,Mumbai,2,Semi-Furnished,House,11,38282908.53572689
3461,5,1,3,Jaipur,0,Unfurnished,Villa,17,30396904.717994712
2419,3,3,2,Lucknow,1,Unfurnished,Apartment,22,18055526.884896513
1377,2,2,3,Noida,0,Furnished,House,0,16209645.612691194
837,2,2,1,Delhi,0,Semi-Furnished,Apartment,15,11267281.525197987
3369,3,1,3,Bangalore,0,Semi-Furnished,Apartment,21,45629581.51075653
3734,2,2,1,Jaipur,0,Semi-Furnished,House,5,32346182.576987997
1456,4,4,3,Delhi,0,Unfurnished,House,2,20446701.924050204
2204,1,1,1,Noida,1,Furnished,Apartment,1,24724788.192182355
660,4,2,1,Gurgaon,2,Semi-Furnished,Apartment,27,10451085.811312966
2103,2,1,2,Gurgaon,0,Unfurnished,House,1,30786506.22776617
3348,5,3,1,Kanpur,0,Semi-Furnished,Apartment,29,20899778.745816164
897,1,2,2,Noida,1,Furnished,Apartment,12,10122879.102155697
1800,1,4,2,Noida,1,Semi-Furnished,House,8,19795704.36653089
1315,3,2,2,Delhi,2,Furnished,Apartment,15,18698882.480975885
2027,3,1,3,Jaipur,1,Furnished,Apartment,26,17883639.587512434
2419,5,1,3,Pune,2,Semi-Furnished,Villa,4,30042186.825172614
1915,1,2,3,Delhi,0,Semi-Furnished,House,22,24116792.401792943
1658,5,4,3,Lucknow,0,Furnished,Villa,27,14597131.172128528
1718,3,4,1,Gurgaon,2,Unfurnished,Villa,20,25486968.890373424
900,3,4,1,Gurgaon,1,Furnished,Villa,6,15157627.914183874
1139,1,1,3,Kanpur,2,Semi-Furnished,Apartment,12,6564085.254199911
3604,4,2,1,Lucknow,1,Semi-Furnished,Apartment,19,25959847.09683
3235,2,3,1,Gurgaon,0,Unfurnished,Villa,23,44908632.73756856
959,3,1,2,Delhi,1,Furnished,Villa,28,12076081.812511643
1454,3,4,2,Lucknow,2,Furnished,Villa,26,11348778.416993853
969,4,2,2,Delhi,2,Furnished,Apartment,29,14645874.874680432
3946,4,4,2,Pune,0,Semi-Furnished,Villa,25,46294394.21715304
1545,5,3,1,Pune,1,Furnished,Villa,12,20498171.51042971
3297,5,4,3,Gurgaon,1,Unfurnished,House,26,48189460.746874824
2193,2,4,1,Gurgaon,1,Semi-Furnished,House,25,31632663.584759723
2585,2,3,1,Jaipur,0,Semi-Furnished,Apartment,6,24317076.49237311
2777,1,2,1,Pune,1,Furnished,House,9,31195191.163111217
3936,5,1,2,Bangalore,2,Unfurnished,House,14,54926919.39868366
1062,3,2,2,Bangalore,1,Semi-Furnished,House,20,16080247.883455131
2985,5,3,2,Kanpur,0,Semi-Furnished,Apartment,26,19148971.54273612
2299,3,4,3,Pune,1,Furnished,House,5,29049569.806962617
3854,4,2,1,Delhi,1,Furnished,Apartment,4,51116832.62826356
2574,5,1,3,Delhi,2,Unfurnished,Villa,22,34684126.51259355
725,4,3,2,Prayagraj,1,Furnished,House,27,5157387.193395186
3848,2,2,3,Lucknow,2,Unfurnished,Apartment,1,28952672.77956979
1297,2,1,1,Mumbai,2,Semi-Furnished,House,20,20066196.793848287
2831,1,3,1,Bangalore,0,Unfurnished,Villa,14,38598474.20447184
3426,5,1,2,Gurgaon,2,Unfurnished,Apartment,25,49911124.15638353
1459,4,3,2,Kanpur,2,Unfurnished,Apartment,15,10501729.683127273
2004,3,4,3,Mumbai,0,Semi-Furnished,Apartment,18,33334795.81890793
952,2,2,2,Noida,2,Furnished,Villa,8,11263307.300447613
3567,2,1,2,Kanpur,0,Semi-Furnished,Villa,28,20429111.017310217
1315,3,3,1,Noida,1,Furnished,Villa,21,15811139.298549877
1158,4,1,2,Pune,0,Unfurnished,Apartment,28,14247372.192292731
1046,4,1,2,Noida,2,Unfurnished,Villa,25,11800450.16463171
1715,5,2,1,Noida,0,Unfurnished,House,18,20287039.14867158
3620,5,4,1,Jaipur,2,Unfurnished,Villa,6,34887237.15056575
516,1,1,3,Jaipur,1,Unfurnished,Apartment,3,4175123.2326566484
3743,2,3,2,Jaipur,0,Furnished,House,29,31647370.7528519
1743,5,3,1,Pune,1,Furnished,Villa,2,23402754.2598341
2705,4,4,3,Mumbai,2,Unfurnished,House,23,43749339.70010618
3024,3,3,3,Kanpur,2,Semi-Furnished,House,28,18489343.908486936
1569,4,4,2,Kanpur,1,Semi-Furnished,Apartment,19,11690995.514299562
3944,2,3,2,Gurgaon,0,Unfurnished,House,10,56582003.1415744
3065,4,2,3,Jaipur,0,Furnished,House,0,28500495.26042777
2646,1,1,1,Pune,2,Semi-Furnished,Apartment,5,30481135.4667901
2268,2,2,3,Gurgaon,1,Semi-Furnished,Apartment,25,32300902.940985158
1560,3,1,2,Lucknow,1,Semi-Furnished,Apartment,10,13371301.217448136
2827,1,1,1,Gurgaon,0,Unfurnished,House,26,38996025.75365967
3920,2,1,1,Mumbai,0,Semi-Furnished,House,0,61441422.981027216
3044,3,2,3,Bangalore,0,Semi-Furnished,House,20,42006077.11450988
801,1,1,2,Noida,1,Semi-Furnished,Apartment,6,8589038.833879104
680,1,2,3,Jaipur,0,Semi-Furnished,Villa,5,6154639.271367379
1106,2,4,3,Bangalore,0,Furnished,House,13,15755627.35302369
3670,5,3,3,Gurgaon,2,Unfurnished,Villa,1,54752062.73877098
1199,1,3,1,Pune,0,Unfurnished,Apartment,26,13272700.267564971
1492,1,1,1,Noida,0,Furnished,House,3,16615549.794832753
1639,3,2,2,Kanpur,1,Furnished,Villa,10,10657219.18237066
690,4,3,2,Delhi,1,Unfurnished,House,14,11263731.734617593
2800,2,2,3,Noida,2,Semi-Furnished,House,17,30782090.352420893
1480,2,2,3,Mumbai,0,Semi-Furnished,House,26,22665244.40033348
3475,5,1,3,Mumbai,2,Unfurnished,Villa,0,56986353.009349234
2506,5,3,2,Gurgaon,1,Semi-Furnished,Apartment,2,38850709.24147914
1684,2,1,1,Lucknow,2,Furnished,House,2,12357531.78168457
3827,5,1,1,Mumbai,1,Semi-Furnished,Apartment,27,60632540.47643699
3894,3,3,3,Mumbai,2,Semi-Furnished,Apartment,6,61964395.94584955
627,2,3,3,Pune,2,Semi-Furnished,Villa,0,9723932.49016622
2565,5,4,3,Gurgaon,0,Unfurnished,Villa,24,37951696.90736322
2316,2,4,3,Noida,2,Furnished,Apartment,10,25448258.422344666
2258,4,2,2,Lucknow,0,Semi-Furnished,House,5,18041091.591665585
3113,1,3,1,Bangalore,0,Unfurnished,Villa,19,41254413.84795044
1069,2,4,3,Delhi,0,Semi-Furnished,House,2,15794192.632268945
1846,1,2,2,Jaipur,0,Furnished,House,18,15202093.750559106
2395,5,2,3,Kanpur,2,Semi-Furnished,House,1,16653246.775405861
3233,1,2,3,Mumbai,1,Furnished,Apartment,17,50861105.21358209
1125,2,4,1,Gurgaon,1,Semi-Furnished,House,29,16999264.31110707
3859,4,3,3,Jaipur,1,Furnished,Apartment,11,35004519.60164447
3401,5,1,1,Kanpur,2,Semi-Furnished,Apartment,28,20631811.143723864
2186,2,2,1,Kanpur,0,Furnished,House,9,13483048.228105545
3509,5,4,1,Bangalore,1,Semi-Furnished,House,4,50464191.97636253
654,3,4,2,Bangalore,2,Semi-Furnished,House,8,10604898.818392256
3037,1,1,2,Bangalore,0,Unfurnished,House,1,41517768.62196192
1909,3,1,1,Prayagraj,1,Unfurnished,Apartment,1,10653252.97372146
1284,2,4,3,Prayagraj,0,Furnished,House,27,7227825.967506139
3675,4,3,1,Kanpur,1,Semi-Furnished,House,5,22676554.79772518
3964,5,1,3,Bangalore,1,Furnished,Apartment,28,55202598.121685304
745,1,4,1,Pune,1,Unfurnished,Villa,9,9925670.81246852
3747,5,1,3,Mumbai,0,Furnished,Villa,17,58825787.36060703
3610,2,3,2,Jaipur,2,Furnished,Apartment,11,31823536.686884925
2000,5,2,3,Jaipur,0,Unfurnished,Villa,3,19389288.97795768
2205,1,1,1,Prayagraj,1,Semi-Furnished,Apartment,21,10334636.535109319
3306,2,3,2,Kanpur,0,Furnished,House,20,19337151.76323421
1037,5,4,3,Gurgaon,2,Unfurnished,House,16,17054003.12516575
2390,4,1,3,Noida,0,Semi-Furnished,Villa,14,27025732.88249222
2341,2,1,3,Noida,2,Unfurnished,House,5,26232827.04349967
1420,2,4,3,Prayagraj,2,Furnished,Villa,15,8683712.387470992
2955,4,2,3,Gurgaon,0,Semi-Furnished,Villa,16,43060247.73572957
1024,3,4,2,Prayagraj,1,Semi-Furnished,House,2,7897509.142972491
3375,1,1,2,Noida,2,Unfurnished,House,9,36433192.753038995
2029,3,4,2,Gurgaon,0,Unfurnished,Villa,4,30933458.868370842
3450,5,3,2,Bangalore,2,Unfurnished,House,13,48129062.988409884
535,4,4,1,Kanpur,1,Semi-Furnished,Apartment,25,4501806.943065496
1184,3,1,2,Jaipur,0,Semi-Furnished,House,28,10161569.539253945
519,2,4,3,Pune,0,Furnished,House,20,6074904.551075151
2868,5,2,3,Lucknow,0,Semi-Furnished,Apartment,12,22588001.566665765
3059,5,4,2,Kanpur,1,Furnished,House,25,20235902.60366181
899,3,2,3,Bangalore,2,Unfurnished,House,5,14632545.183379795
3201,3,3,2,Noida,0,Unfurnished,Villa,11,35680313.07200244
1471,4,2,3,Bangalore,2,Semi-Furnished,House,25,21478155.966935776
2406,1,4,1,Prayagraj,2,Unfurnished,House,7,14347047.76548169
3018,3,1,1,Gurgaon,1,Unfurnished,Apartment,4,44373931.916089185
1666,3,2,2,Jaipur,0,Semi-Furnished,Villa,29,15007217.843394173
1615,2,3,2,Mumbai,2,Furnished,Villa,14,25501542.652831927
3925,5,2,2,Prayagraj,0,Semi-Furnished,Villa,26,21598909.397178136
1333,1,2,3,Kanpur,0,Furnished,House,15,7914048.675152781
2323,2,2,2,Prayagraj,1,Semi-Furnished,Villa,0,12992807.827283662
3274,4,3,1,Kanpur,0,Semi-Furnished,Apartment,15,20170580.93796588
2482,4,4,3,Mumbai,0,Unfurnished,Villa,4,40748502.28166538
1353,3,2,2,Delhi,2,Semi-Furnished,Apartment,2,19876188.43918045
550,3,2,3,Jaipur,1,Semi-Furnished,Villa,19,5805820.535371313
1074,4,1,3,Pune,0,Furnished,Villa,14,13322960.720564876
3761,3,3,2,Pune,2,Unfurnished,Apartment,12,43687426.59763494
1648,1,2,3,Lucknow,1,Furnished,Villa,23,11621299.397231428
2697,3,3,1,Bangalore,1,Furnished,Villa,15,37340295.14789111
2861,5,2,1,Delhi,2,Unfurnished,Villa,22,37954722.223750174
3117,3,4,3,Pune,2,Unfurnished,House,10,36519322.01536226
3913,2,4,2,Prayagraj,2,Unfurnished,Apartment,20,20953378.67975225
2852,1,2,3,Bangalore,2,Semi-Furnished,Villa,1,39112588.362275116
2215,2,4,1,Delhi,2,Unfurnished,Apartment,21,28616380.67148799
1181,2,2,3,Gurgaon,0,Unfurnished,Apartment,26,16598381.929333558
1337,5,4,3,Gurgaon,0,Unfurnished,Apartment,5,22242566.02798281
1577,1,1,1,Bangalore,1,Furnished,Villa,25,20638520.435801655
3550,1,1,3,Kanpur,0,Furnished,Villa,25,19475496.873885304
2991,1,1,3,Kanpur,0,Semi-Furnished,Apartment,29,16070874.128995154
3160,1,3,2,Prayagraj,0,Furnished,House,26,14795572.111779457
3540,1,3,2,Delhi,2,Semi-Furnished,Apartment,5,46378254.27163176
2811,5,1,1,Delhi,1,Furnished,House,13,36814476.919809036
3624,3,3,1,Bangalore,1,Unfurnished,Apartment,24,49629968.28730572
2095,2,4,1,Noida,1,Furnished,Apartment,10,23955285.460747723
3551,1,2,2,Gurgaon,1,Semi-Furnished,Apartment,7,50404078.14811041
504,3,2,1,Delhi,0,Furnished,Villa,7,8177111.261902778
1626,3,2,1,Bangalore,0,Unfurnished,House,0,23487232.26537989
1719,2,1,1,Mumbai,2,Semi-Furnished,House,20,27205347.60154556
1273,5,3,2,Lucknow,1,Unfurnished,Apartment,6,12507461.271759452
1376,4,4,3,Mumbai,0,Unfurnished,Villa,5,23544336.786807332
1491,4,4,1,Jaipur,0,Semi-Furnished,Villa,20,14861382.429476151
3431,3,1,3,Prayagraj,2,Unfurnished,House,7,19358099.001194056
3921,2,4,1,Delhi,2,Unfurnished,Villa,18,50936882.63126718
546,4,4,3,Jaipur,2,Furnished,House,21,6584847.887789294
3414,3,4,2,Pune,0,Unfurnished,House,20,40868416.41954277
3370,5,4,2,Jaipur,0,Unfurnished,House,23,30702353.119522378
3483,4,3,1,Bangalore,2,Unfurnished,Villa,19,48539664.951901436
3203,3,4,3,Delhi,1,Unfurnished,House,7,42783987.1047668
768,3,2,2,Lucknow,2,Semi-Furnished,House,25,6649931.663799641
869,1,1,1,Bangalore,2,Furnished,Apartment,13,11788262.527275506
1135,5,3,1,Bangalore,2,Unfurnished,House,17,17890495.430352084
1629,1,4,2,Prayagraj,2,Unfurnished,House,24,9058191.871718384
2193,2,3,2,Prayagraj,0,Semi-Furnished,Apartment,28,10908999.489382623
2182,1,4,1,Gurgaon,1,Unfurnished,Apartment,15,31238003.011436652
1156,1,2,3,Gurgaon,2,Semi-Furnished,Villa,8,16937957.762265675
619,4,1,3,Kanpur,1,Furnished,House,14,4617513.591007909
1330,3,4,3,Noida,1,Furnished,Villa,29,14823580.269074216
2310,5,4,1,Delhi,1,Unfurnished,Villa,25,31144210.038179953
1581,1,4,2,Delhi,2,Unfurnished,Apartment,9,21270338.738165986
2474,5,4,1,Jaipur,0,Unfurnished,Villa,28,23299672.827852882
1869,1,1,2,Delhi,2,Semi-Furnished,House,21,24276257.048439737
1240,2,1,3,Delhi,1,Unfurnished,Apartment,15,16302594.308595933
616,1,2,3,Noida,1,Unfurnished,House,3,7696234.875714354
2353,4,1,2,Pune,0,Furnished,House,19,27775296.90295385
3338,3,4,2,Gurgaon,2,Unfurnished,Apartment,12,47885280.52239667
1650,2,2,1,Gurgaon,1,Furnished,House,21,23126054.544069864
3964,1,2,3,Lucknow,0,Unfurnished,Apartment,4,28928632.14558237
2431,5,2,1,Delhi,1,Furnished,House,21,33159842.58595979
1512,2,4,1,Noida,0,Unfurnished,Apartment,6,17993804.012559984
2164,2,3,1,Gurgaon,0,Furnished,Villa,22,30857094.007768307
1581,1,4,3,Noida,2,Semi-Furnished,House,8,17003082.769699514
1133,2,1,1,Mumbai,1,Furnished,Apartment,7,17983937.507160414
1012,5,1,1,Pune,2,Furnished,House,28,12546646.077176418
3349,2,4,1,Delhi,1,Furnished,House,15,43911784.28954536
1619,5,4,1,Lucknow,2,Unfurnished,House,5,14704314.451791702
1641,1,2,1,Jaipur,1,Unfurnished,Apartment,27,14429600.254065208
1059,3,4,1,Gurgaon,2,Unfurnished,Villa,15,17609819.168930378
987,2,2,3,Mumbai,0,Semi-Furnished,Villa,5,17286649.223110434
3808,3,1,1,Noida,1,Semi-Furnished,Villa,13,40775743.50317839
1396,5,2,2,Prayagraj,1,Furnished,Apartment,20,9235845.606070785
3843,2,4,1,Bangalore,0,Semi-Furnished,Villa,0,52873137.95553107
1712,4,1,1,Delhi,2,Furnished,Apartment,24,23085135.909116644
1203,3,3,3,Delhi,1,Furnished,House,8,16754993.12862802
1970,2,2,3,Mumbai,1,Furnished,House,24,31401078.18377573
1080,3,1,2,Noida,2,Semi-Furnished,Villa,26,11696534.224898057
3337,2,2,2,Kanpur,0,Unfurnished,Apartment,23,18063580.48766445
3408,1,1,3,Delhi,2,Semi-Furnished,House,12,44407690.40787158
2794,3,1,3,Kanpur,2,Furnished,Apartment,25,16667648.339783965
3647,4,2,1,Prayagraj,2,Furnished,Apartment,28,18735736.617790937
653,4,3,3,Mumbai,1,Semi-Furnished,House,18,11975064.442465432
2179,5,1,2,Noida,0,Furnished,Apartment,16,24541071.452641558
1496,2,1,1,Noida,0,Furnished,House,10,16460870.72340222
3657,3,1,2,Pune,2,Semi-Furnished,House,27,42059790.41795741
3244,5,3,1,Bangalore,1,Semi-Furnished,House,27,45518089.546451814
3856,3,3,3,Gurgaon,2,Semi-Furnished,Apartment,7,56310864.51025426
1743,2,4,2,Gurgaon,1,Furnished,House,22,25454626.556654755
1592,4,2,1,Jaipur,1,Furnished,Apartment,28,15162135.378764005
3618,1,3,1,Lucknow,1,Unfurnished,House,4,25563270.890831552
1508,4,2,3,Mumbai,1,Unfurnished,House,9,25048733.653369784
2641,5,4,3,Prayagraj,0,Semi-Furnished,Villa,6,15651568.583371917
2273,1,2,3,Noida,1,Unfurnished,Villa,9,25069628.886501446
1457,5,3,2,Bangalore,1,Furnished,Villa,3,22258553.692160763
3559,2,2,1,Kanpur,2,Unfurnished,Apartment,8,20687422.303854775
952,1,3,3,Mumbai,2,Furnished,Apartment,26,15185463.773058468
1727,5,2,2,Jaipur,0,Semi-Furnished,House,25,15802426.209545137
3459,2,3,2,Mumbai,2,Semi-Furnished,House,13,54493236.75874583
2765,4,3,2,Jaipur,1,Furnished,House,1,27266571.95044085
3021,2,2,3,Noida,2,Unfurnished,House,24,32714069.27700174
2979,3,4,3,Lucknow,0,Semi-Furnished,Apartment,8,22847479.69629266
2888,2,1,1,Jaipur,2,Semi-Furnished,House,20,24748635.93702791
1050,2,4,1,Noida,2,Unfurnished,House,26,12478743.793110736
2135,3,2,3,Noida,0,Unfurnished,Villa,0,24748935.215052314
1812,5,4,2,Lucknow,0,Furnished,House,22,15121799.744725468
3825,5,3,2,Gurgaon,1,Unfurnished,House,9,56551779.97111971
2257,2,1,2,Mumbai,2,Unfurnished,House,9,35117875.75978101
856,3,2,1,Delhi,1,Unfurnished,Apartment,19,11140594.724965531
2570,3,2,2,Delhi,2,Furnished,Villa,24,33393588.86211325
2285,4,2,1,Kanpur,2,Furnished,House,21,14229357.407326927
3069,5,1,1,Kanpur,1,Semi-Furnished,House,28,18979439.517170183
2281,1,3,2,Delhi,2,Furnished,Villa,2,30289189.871902812
3671,5,2,2,Prayagraj,2,Semi-Furnished,House,5,20651512.80325281
3349,5,4,3,Delhi,2,Unfurnished,Apartment,28,44678999.22974818
3751,4,2,3,Kanpur,0,Semi-Furnished,House,25,22046483.60722254
3794,1,2,2,Bangalore,1,Semi-Furnished,Apartment,5,52393500.689007014
3309,4,2,1,Kanpur,0,Unfurnished,Apartment,20,20223521.14948148
2989,1,2,1,Prayagraj,1,Semi-Furnished,House,1,14965796.506483536
2131,2,3,1,Mumbai,1,Furnished,Villa,25,34377657.55010979
3316,1,4,1,Delhi,2,Furnished,Apartment,25,42015025.49802137
1515,4,3,1,Lucknow,1,Furnished,Villa,17,12167631.504609916
1848,5,4,3,Bangalore,0,Furnished,House,22,28050243.32627176
1015,1,2,2,Noida,0,Semi-Furnished,Apartment,1,11780418.328897782
3587,1,1,3,Prayagraj,0,Semi-Furnished,House,11,18126683.003602743
3339,3,3,1,Kanpur,1,Unfurnished,Villa,21,20414930.057936076
835,5,1,1,Lucknow,0,Semi-Furnished,House,4,8292005.141881098
2282,2,3,1,Jaipur,1,Semi-Furnished,House,19,19832597.36490684
2805,4,2,1,Gurgaon,0,Semi-Furnished,Apartment,6,41265371.27253113
996,2,3,2,Delhi,0,Unfurnished,House,23,13954033.139622018
1395,5,2,1,Gurgaon,1,Furnished,House,15,22031893.776603404
2707,1,3,2,Prayagraj,0,Semi-Furnished,House,19,14220757.519858068
1351,1,2,1,Jaipur,2,Unfurnished,Apartment,0,12610177.43638575
2187,5,2,2,Jaipur,1,Unfurnished,Villa,0,21143108.211328126
2431,1,4,3,Jaipur,1,Unfurnished,Villa,16,20549291.76306597
3237,1,2,1,Noida,1,Furnished,House,26,34162501.59257702
2927,1,4,2,Prayagraj,2,Semi-Furnished,Apartment,0,16989349.039205987
2068,4,2,3,Mumbai,1,Unfurnished,House,20,33054213.495876748
1456,4,1,1,Gurgaon,0,Furnished,Villa,19,21940686.28431901
3238,3,2,1,Mumbai,0,Unfurnished,Apartment,12,50577392.14215963
3998,2,1,1,Lucknow,0,Unfurnished,Villa,29,27508151.661469053
2136,5,1,2,Pune,1,Unfurnished,Villa,8,26557168.392687272
1791,5,2,2,Bangalore,0,Unfurnished,Apartment,14,25256152.957164798
1940,5,1,3,Bangalore,1,Unfurnished,Apartment,2,28592988.373635307
1691,3,4,2,Mumbai,0,Furnished,House,13,27473049.76329143
1566,4,3,2,Pune,2,Semi-Furnished,House,22,19791579.612869136
784,3,2,1,Pune,2,Semi-Furnished,Villa,10,10498099.678923234
2944,5,1,1,Delhi,2,Semi-Furnished,Apartment,23,39464119.50973379
511,2,2,1,Lucknow,2,Semi-Furnished,Apartment,21,4187200.8566275924
2130,1,4,1,Prayagraj,1,Furnished,House,11,10855810.240085246
3873,4,2,1,Pune,0,Furnished,Villa,12,44534119.959481865
3824,4,2,1,Kanpur,2,Furnished,Villa,25,22009895.248221014
3046,3,1,1,Bangalore,1,Unfurnished,House,12,42128278.916305
1253,4,4,3,Kanpur,2,Unfurnished,Apartment,0,11595665.459634498
2582,5,3,3,Lucknow,2,Unfurnished,House,23,20691619.068592567
3274,5,3,3,Pune,1,Semi-Furnished,House,9,40454823.44100217
3396,3,1,3,Gurgaon,1,Unfurnished,House,2,49910786.64539451
589,5,2,1,Bangalore,0,Semi-Furnished,House,23,9424531.995062957
1275,2,1,3,Delhi,0,Unfurnished,Apartment,27,16597657.990495313
3152,3,1,1,Delhi,2,Semi-Furnished,House,3,41375912.654243745
3517,2,1,3,Jaipur,2,Unfurnished,Apartment,15,30113446.06523082
2125,1,2,2,Noida,0,Unfurnished,House,7,22858203.837031845
3569,2,4,3,Pune,0,Furnished,Villa,15,41142200.98883644
917,1,1,3,Lucknow,1,Unfurnished,Apartment,26,6349684.731593073
614,1,2,1,Bangalore,0,Unfurnished,Villa,16,8030756.632054597
1116,2,4,3,Noida,0,Furnished,House,18,13262551.389291488
3767,3,1,2,Lucknow,2,Semi-Furnished,House,21,27806372.041515734
1325,5,3,1,Mumbai,0,Furnished,House,14,23126481.766222242
2149,5,4,1,Pune,2,Furnished,Apartment,15,28088605.954303723
2016,1,1,3,Prayagraj,0,Semi-Furnished,Villa,14,10572096.324329155
3646,1,4,1,Prayagraj,1,Unfurnished,Apartment,24,18850264.645100232
912,3,4,1,Pune,0,Semi-Furnished,Apartment,1,12697476.687271627
3947,4,4,1,Jaipur,0,Unfurnished,House,10,35830683.068907164
3991,2,4,1,Jaipur,0,Unfurnished,Villa,0,35786303.68154388
1228,1,4,1,Prayagraj,2,Semi-Furnished,House,14,7123820.686763803
3848,5,4,1,Gurgaon,1,Furnished,Apartment,25,56084215.26984576
3568,3,1,2,Bangalore,0,Semi-Furnished,House,18,47101543.62856185
3308,2,3,3,Prayagraj,2,Unfurnished,Villa,3,18468082.70456241
1175,3,2,2,Gurgaon,1,Semi-Furnished,House,10,18620723.608441677
3965,2,4,1,Noida,2,Semi-Furnished,Villa,4,43151940.57192158
2392,2,2,1,Gurgaon,2,Unfurnished,Villa,2,35490584.324860245
3004,1,1,3,Noida,1,Furnished,House,12,31546236.660841238
3467,3,4,2,Lucknow,0,Semi-Furnished,Apartment,9,26135735.408796463
2739,3,3,3,Kanpur,2,Unfurnished,House,10,18043780.263681676
3286,5,2,2,Lucknow,2,Unfurnished,Apartment,17,24956682.804892994
1622,5,4,1,Prayagraj,0,Semi-Furnished,Apartment,1,10901726.10565339
2071,1,1,3,Noida,0,Furnished,House,6,23097917.182822
1477,1,3,3,Prayagraj,1,Semi-Furnished,Apartment,8,8164521.6507318085
1508,4,2,1,Pune,1,Furnished,Apartment,9,19712872.796615534
2643,5,2,3,Bangalore,1,Furnished,House,17,36652548.56908553
2187,2,4,2,Delhi,0,Furnished,House,22,27696898.365204573
3210,3,3,2,Prayagraj,2,Furnished,House,6,17522527.74221079
3761,1,3,2,Bangalore,2,Semi-Furnished,Apartment,26,50030569.61173365
536,3,3,2,Gurgaon,1,Unfurnished,Villa,6,8902356.701673444
3940,3,3,1,Lucknow,0,Unfurnished,Apartment,2,29914648.238215
2048,4,1,3,Gurgaon,2,Unfurnished,Villa,11,30889297.08432839
2826,5,3,2,Delhi,1,Unfurnished,House,6,38258528.56108073
2764,1,2,1,Noida,2,Unfurnished,Villa,16,29112700.6503046
3414,3,2,3,Pune,2,Unfurnished,House,25,38943409.28307422
1372,1,1,3,Bangalore,0,Semi-Furnished,House,0,18415157.10055348
2321,2,2,1,Pune,0,Furnished,Villa,4,25847421.15001104
1796,4,2,1,Kanpur,2,Unfurnished,House,15,12065079.846927566
2609,2,3,2,Prayagraj,1,Semi-Furnished,Villa,14,13768881.15364951
1095,1,2,3,Noida,0,Unfurnished,House,1,12283427.077586714
2403,1,1,3,Kanpur,2,Unfurnished,Apartment,8,13600898.239495615
1228,5,3,1,Mumbai,0,Furnished,Apartment,6,22266448.749575134
1865,3,4,3,Prayagraj,0,Furnished,House,3,12701195.79470854
896,3,3,2,Gurgaon,0,Furnished,House,19,13426957.571989423
1198,2,1,3,Lucknow,2,Unfurnished,Villa,17,9785848.069486175
3590,4,3,1,Bangalore,1,Unfurnished,Apartment,20,49830324.906073645
2724,3,3,1,Delhi,1,Unfurnished,Villa,3,36590109.94589122
2135,5,1,2,Delhi,1,Furnished,House,27,28278938.631718583
895,2,3,2,Gurgaon,0,Semi-Furnished,House,12,13638391.564883003
2992,2,1,3,Jaipur,2,Unfurnished,Villa,0,27257595.344849315
3804,5,1,3,Delhi,0,Unfurnished,House,27,48761359.51952174
575,4,4,1,Bangalore,1,Unfurnished,Apartment,23,9509996.634424275
764,5,2,2,Gurgaon,1,Semi-Furnished,Villa,2,14370500.10391125
3002,4,2,2,Noida,2,Unfurnished,Apartment,15,34062857.346764
2319,5,3,2,Delhi,0,Semi-Furnished,Apartment,29,30458107.03052488
1217,5,3,3,Pune,1,Unfurnished,Apartment,21,15889104.061109478
3282,1,4,2,Gurgaon,2,Semi-Furnished,Villa,3,47962003.92391701
3955,2,4,1,Bangalore,0,Unfurnished,House,24,53733214.05966055
1350,5,4,1,Pune,0,Furnished,Apartment,22,18007567.260621645
1890,5,1,3,Prayagraj,1,Furnished,Apartment,24,11153142.94408365
643,3,4,3,Prayagraj,1,Furnished,Apartment,15,5326676.573997892
1384,2,4,2,Delhi,0,Furnished,House,25,18359798.21096358
3640,3,3,3,Pune,0,Unfurnished,House,18,42907866.53876395
3670,2,4,1,Lucknow,1,Furnished,Villa,0,27629094.410284393
895,3,1,2,Prayagraj,0,Semi-Furnished,House,4,5959595.581472608
3596,5,1,1,Lucknow,1,Furnished,Villa,18,26664515.583841145
3495,5,3,2,Noida,0,Furnished,Villa,21,38291489.116597794
3438,1,4,3,Gurgaon,1,Furnished,Villa,23,48794478.350529194
1992,3,4,2,Kanpur,2,Unfurnished,Villa,10,13093106.867029075
3722,4,1,2,Bangalore,1,Furnished,Villa,12,51273757.19855132
1667,1,4,1,Gurgaon,1,Semi-Furnished,Apartment,19,24846874.655262105
3116,3,4,1,Bangalore,2,Furnished,House,4,44822768.85118641
1562,3,4,2,Pune,0,Furnished,Apartment,20,20106422.38934415
2656,1,2,3,Noida,2,Furnished,Villa,3,29856826.25419956
1565,5,3,3,Mumbai,1,Semi-Furnished,House,3,28552509.09589275
1709,3,2,1,Delhi,0,Furnished,Apartment,3,23601664.83390628
3482,5,3,3,Bangalore,2,Semi-Furnished,Apartment,3,49259089.70867771
2945,1,1,1,Bangalore,0,Semi-Furnished,Villa,19,38468303.71525726
3794,5,4,3,Pune,0,Furnished,Apartment,20,45690965.30372076
1133,2,3,2,Lucknow,2,Semi-Furnished,Apartment,17,9156813.25140521
1656,4,2,1,Gurgaon,0,Unfurnished,Apartment,17,24897065.757923007
3734,3,4,1,Mumbai,2,Furnished,Apartment,15,59279064.4560231
1738,4,1,2,Jaipur,1,Furnished,Apartment,8,16384613.030175358
1232,5,3,1,Delhi,0,Semi-Furnished,Villa,17,18115079.644888464
734,3,3,3,Kanpur,1,Semi-Furnished,Villa,21,4932788.254937981
3205,5,3,3,Jaipur,1,Furnished,Apartment,1,30400569.232904047
1250,2,4,1,Gurgaon,0,Unfurnished,Villa,20,19255540.097567566
3135,1,2,3,Delhi,2,Semi-Furnished,Villa,3,39584182.07917059
3580,3,2,1,Bangalore,0,Semi-Furnished,House,11,48293344.06096144
3645,2,3,2,Kanpur,1,Unfurnished,Apartment,6,22349804.98075153
1453,2,1,1,Lucknow,1,Unfurnished,Villa,14,11552983.936830431
3039,3,1,2,Mumbai,2,Furnished,Villa,6,48305653.63493016
3460,5,2,3,Lucknow,0,Unfurnished,Apartment,28,24820879.69247773
3824,2,1,2,Noida,1,Furnished,House,21,41217962.086970374
3801,4,2,3,Pune,1,Unfurnished,Apartment,25,43565667.42404274
2042,2,3,1,Delhi,1,Semi-Furnished,House,20,26448576.828536194
1697,5,2,3,Lucknow,2,Furnished,Apartment,16,14538522.436159888
2176,5,2,1,Jaipur,1,Furnished,Apartment,15,20345183.31404462
1691,4,3,1,Pune,1,Furnished,Apartment,27,20051135.1364214
2717,2,1,2,Lucknow,0,Unfurnished,Apartment,18,18940099.903717957
1916,5,2,2,Prayagraj,0,Semi-Furnished,House,8,12917364.28046384
3493,3,2,2,Noida,1,Furnished,House,13,38756306.79421264
3342,1,3,2,Gurgaon,1,Furnished,Villa,16,47675258.67030859
3181,1,1,3,Mumbai,0,Furnished,Apartment,4,48444183.38713273
1717,1,2,3,Noida,2,Furnished,House,1,19567595.947527792
2040,2,3,3,Pune,2,Semi-Furnished,House,19,24210100.104204733
2576,4,2,1,Prayagraj,2,Unfurnished,House,15,14033333.429907417
3736,5,4,3,Delhi,2,Semi-Furnished,Apartment,13,50352955.066736914
1945,3,3,3,Jaipur,2,Furnished,Villa,13,18763746.248129345
2886,3,1,3,Mumbai,2,Semi-Furnished,House,26,45479082.95929689
2019,2,1,2,Mumbai,2,Furnished,Apartment,0,32302515.29914989
1888,1,1,3,Noida,2,Unfurnished,House,2,20780632.321541987
2356,2,1,1,Pune,0,Unfurnished,House,25,26752378.4656006
1865,4,2,2,Delhi,2,Unfurnished,Villa,6,26028726.017108824
999,4,2,1,Bangalore,2,Furnished,House,25,15463842.444553448
2180,5,1,3,Prayagraj,2,Semi-Furnished,House,14,13229840.778420053
1010,5,1,2,Bangalore,1,Unfurnished,Apartment,18,15809461.332643915
3898,4,1,1,Jaipur,0,Furnished,Apartment,19,34453900.32349588
716,4,2,3,Delhi,0,Furnished,Villa,1,10938258.648347069
1824,4,1,1,Delhi,0,Semi-Furnished,Apartment,18,24357393.01767834
1655,2,1,1,Prayagraj,2,Unfurnished,Apartment,8,9093322.763240518
2327,4,4,1,Kanpur,2,Furnished,Villa,18,15953122.99740354
3641,3,4,3,Bangalore,1,Semi-Furnished,House,26,50006916.52335201
3823,1,1,3,Lucknow,0,Unfurnished,Villa,4,27216893.768947206
3986,4,3,1,Mumbai,2,Semi-Furnished,Apartment,17,62943474.298278674
2310,1,1,2,Kanpur,0,Semi-Furnished,Villa,15,12137545.83393973
2992,2,4,2,Lucknow,1,Furnished,House,3,23099171.309972476
3423,1,3,3,Pune,1,Furnished,Villa,11,38828993.66138327
1705,2,3,3,Prayagraj,1,Furnished,Apartment,28,9187563.234048616
2714,3,1,3,Pune,0,Semi-Furnished,Apartment,6,31025229.867461886
590,2,4,3,Mumbai,2,Furnished,Villa,13,11532475.599104445
1213,2,4,3,Gurgaon,2,Semi-Furnished,House,22,18513932.044965837
2381,5,3,2,Lucknow,1,Semi-Furnished,Villa,11,19566592.544988863
538,4,1,3,Kanpur,2,Furnished,House,2,6304329.468201366
3697,4,2,1,Lucknow,1,Unfurnished,House,4,28803208.967110567
672,3,2,1,Lucknow,0,Unfurnished,Villa,16,5666498.380691478
1152,3,4,2,Prayagraj,1,Unfurnished,House,25,7083588.1548891645
1253,4,2,1,Pune,0,Semi-Furnished,Apartment,9,15101462.850092627
1743,5,4,2,Bangalore,1,Semi-Furnished,Villa,9,26913995.155274425
1581,4,4,2,Gurgaon,2,Semi-Furnished,House,10,24786024.161004137
2183,5,4,1,Prayagraj,2,Furnished,Apartment,16,12708087.577380508
3023,3,2,3,Jaipur,1,Semi-Furnished,Villa,4,26752280.715295505
955,1,4,1,Prayagraj,2,Furnished,Apartment,12,6314956.024224705
1328,3,3,1,Mumbai,2,Furnished,Apartment,9,23358101.357518077
1394,3,1,2,Gurgaon,2,Unfurnished,Apartment,8,21176212.759459045
1884,2,1,1,Delhi,0,Unfurnished,House,16,23697374.329003554
2458,2,4,2,Jaipur,2,Unfurnished,Villa,0,22236825.15516045
3572,2,1,3,Noida,0,Furnished,Villa,3,39313307.30907056
2934,2,2,3,Prayagraj,1,Furnished,House,3,16101333.889223613
2496,5,2,3,Lucknow,2,Furnished,Villa,17,19756930.189677626
2895,4,1,1,Bangalore,2,Semi-Furnished,Apartment,8,40369364.10696223
689,1,2,2,Delhi,2,Furnished,Villa,29,8867314.818866814
1004,3,1,3,Prayagraj,1,Unfurnished,House,24,5941759.24703568
1714,5,1,2,Prayagraj,0,Unfurnished,Apartment,28,9300307.793272028
2031,1,1,2,Kanpur,0,Furnished,House,28,10152413.75454953
3940,5,4,3,Kanpur,2,Furnished,Apartment,17,24468048.65214325
3980,5,1,3,Delhi,1,Unfurnished,Apartment,13,52163887.70976282
1323,3,4,2,Pune,1,Furnished,Villa,24,15922707.273208622
1428,4,1,3,Kanpur,1,Unfurnished,Apartment,14,10505846.009084783
1433,2,1,2,Lucknow,1,Semi-Furnished,House,5,10929109.688870281
1640,4,1,2,Jaipur,1,Unfurnished,Villa,23,14401166.776025135
633,3,2,3,Noida,0,Semi-Furnished,House,9,7599751.279550237
2605,3,4,1,Gurgaon,0,Furnished,Apartment,28,37478014.1994792
1184,3,4,3,Noida,0,Furnished,House,14,13320937.93851058
3219,1,1,1,Noida,2,Semi-Furnished,House,28,33419439.6430688
2720,4,1,2,Gurgaon,1,Furnished,Apartment,3,39661895.24975922
2352,4,2,2,Kanpur,2,Semi-Furnished,Villa,17,15700505.183370851
1314,5,2,1,Delhi,1,Furnished,House,17,18914681.17462097
1672,5,2,2,Gurgaon,0,Unfurnished,Apartment,24,26268511.800766222
579,5,4,1,Mumbai,2,Furnished,Villa,16,11802499.710248895
3433,3,4,1,Pune,0,Unfurnished,Villa,11,38833728.083014876
3784,4,4,2,Jaipur,1,Unfurnished,Villa,6,35364440.6001781
702,3,1,1,Bangalore,1,Semi-Furnished,House,15,10737561.579238534
3311,1,4,3,Kanpur,1,Furnished,House,10,20020053.93948034
1752,5,3,3,Pune,0,Semi-Furnished,House,13,21721108.205127977
2199,3,3,2,Gurgaon,1,Furnished,Villa,2,33064575.972202305
1750,3,2,2,Mumbai,0,Unfurnished,House,18,28143230.437567834
2182,1,4,1,Bangalore,2,Unfurnished,Apartment,17,29851689.691196952
2055,2,3,1,Jaipur,1,Furnished,House,29,16844818.587373264
3973,4,2,1,Jaipur,1,Furnished,House,9,36957546.024129525
2594,2,4,1,Kanpur,1,Semi-Furnished,Villa,5,16844314.618914112
1756,5,1,3,Gurgaon,2,Furnished,House,12,27244292.0235102
3876,3,3,3,Pune,1,Furnished,Apartment,9,46018142.81050699
2049,1,1,2,Delhi,0,Furnished,Villa,17,26039496.10551942
1666,1,4,1,Pune,0,Semi-Furnished,Apartment,25,18570598.55996015
3986,4,3,1,Pune,1,Furnished,Villa,19,47218091.37890884
1896,2,4,2,Jaipur,1,Unfurnished,Villa,25,17252508.003289007
3830,4,1,1,Delhi,2,Semi-Furnished,House,15,49738357.09134297
3203,3,3,1,Delhi,2,Semi-Furnished,Apartment,24,42102807.33414252
970,4,1,1,Kanpur,2,Unfurnished,Villa,24,6661714.983911959
3518,1,4,1,Bangalore,1,Unfurnished,House,5,48293639.09989931
1535,1,4,1,Prayagraj,2,Unfurnished,Villa,12,9021325.233456613
1853,5,1,2,Noida,2,Furnished,Villa,3,23040748.85065248
3283,5,3,1,Noida,0,Unfurnished,Villa,22,36298502.00743647
3331,3,1,2,Jaipur,2,Furnished,Villa,13,29562881.09032613
1467,2,4,1,Prayagraj,0,Semi-Furnished,Villa,0,10196163.113115598
857,4,1,3,Bangalore,0,Semi-Furnished,Villa,27,12210076.251986524
3519,3,4,3,Prayagraj,2,Unfurnished,House,19,19191378.38884979
3979,5,1,3,Kanpur,0,Furnished,Villa,4,25839515.237238996
1167,4,3,3,Pune,1,Unfurnished,Apartment,7,15939138.735974552
872,5,3,2,Jaipur,1,Unfurnished,House,11,9437809.860419443
1531,4,1,2,Delhi,2,Furnished,Apartment,1,21392861.17392282
1645,2,1,1,Jaipur,1,Unfurnished,Villa,11,15012789.60718272
1871,3,3,3,Noida,0,Semi-Furnished,Apartment,4,21907002.45394524
3223,4,4,2,Bangalore,1,Unfurnished,Villa,21,45047189.93336941
589,1,3,1,Prayagraj,2,Furnished,Villa,4,5316712.091583232
3245,1,4,1,Bangalore,2,Furnished,House,12,44049756.421920806
3887,4,1,2,Kanpur,0,Semi-Furnished,House,8,23579993.088283982
3749,4,1,3,Jaipur,2,Furnished,Villa,9,32610044.895280883
1039,4,4,1,Gurgaon,1,Furnished,House,0,18276329.944400486
3279,1,1,3,Jaipur,2,Semi-Furnished,Apartment,29,26744173.84946871
1368,1,4,3,Delhi,0,Unfurnished,House,2,19165368.384400465
540,4,2,3,Jaipur,2,Semi-Furnished,House,29,6362015.065718651
1239,5,3,1,Mumbai,1,Unfurnished,Apartment,17,22805149.62939389
2446,5,2,3,Kanpur,0,Semi-Furnished,House,11,16472237.788265606
3049,2,4,1,Lucknow,1,Unfurnished,Villa,28,21914956.687839944
3506,3,3,3,Kanpur,0,Semi-Furnished,Apartment,2,22010411.479998548
3716,5,4,1,Prayagraj,2,Unfurnished,Villa,25,20378773.576085705
1724,1,3,3,Lucknow,0,Semi-Furnished,Apartment,24,12277580.088754455
1428,5,3,2,Prayagraj,0,Unfurnished,Villa,28,8746748.747228814
2536,2,3,3,Prayagraj,2,Semi-Furnished,Villa,29,12991230.775164064
3008,2,3,3,Delhi,1,Furnished,House,8,38951616.756036215
3279,3,4,1,Delhi,2,Unfurnished,Villa,25,43015623.02988139
3299,5,3,1,Pune,0,Semi-Furnished,House,1,40560915.012843035
1424,1,3,3,Noida,2,Unfurnished,Apartment,29,14225951.602664137
3456,1,2,2,Pune,0,Unfurnished,Villa,2,39262903.67336743
2081,4,1,2,Pune,2,Semi-Furnished,Villa,13,25291223.584590137
3824,1,1,1,Noida,2,Unfurnished,Apartment,3,39878341.67939329
889,3,2,2,Gurgaon,1,Semi-Furnished,Apartment,24,14266132.21685646
2117,3,2,3,Lucknow,0,Furnished,Villa,18,15563444.592723472
3430,1,4,1,Bangalore,1,Unfurnished,Apartment,12,46199956.240620784
755,1,4,3,Pune,0,Furnished,House,6,9552328.861871606
1208,4,4,1,Jaipur,2,Unfurnished,Apartment,11,12965886.419399112
2338,1,2,1,Jaipur,0,Unfurnished,Apartment,2,20160963.55102383
2444,4,2,1,Prayagraj,1,Unfurnished,Villa,22,14015806.832994463
2997,4,3,1,Noida,1,Semi-Furnished,House,22,33468353.26972061
509,1,4,2,Prayagraj,1,Furnished,Apartment,8,3325479.053197322
3371,2,4,3,Mumbai,0,Unfurnished,House,1,53602197.44153882
1297,2,4,3,Mumbai,1,Semi-Furnished,House,28,19965415.151804842
3813,4,1,3,Bangalore,1,Unfurnished,House,21,51436229.55223258
3822,1,3,1,Delhi,1,Semi-Furnished,Villa,8,49350999.16410618
1376,2,4,2,Delhi,2,Unfurnished,Apartment,11,18674167.721965086
1528,1,4,3,Noida,2,Furnished,Villa,11,18196142.226524547
3690,1,4,2,Noida,0,Furnished,Apartment,14,39580461.60015457
1515,1,1,1,Pune,0,Unfurnished,Apartment,1,16991588.287448004
2324,5,1,3,Mumbai,1,Semi-Furnished,Villa,17,37267926.35696622
873,1,2,2,Pune,2,Unfurnished,House,12,11004084.847340714
3636,5,3,1,Delhi,1,Semi-Furnished,House,13,48525343.198695466
2693,4,2,2,Lucknow,1,Unfurnished,Apartment,4,21796997.413278818
723,2,3,3,Lucknow,2,Semi-Furnished,Villa,25,5677756.009960967
1762,2,1,3,Noida,2,Furnished,House,9,19320883.953748245
2724,2,4,1,Prayagraj,2,Unfurnished,House,11,15657323.685517192
2302,2,2,1,Delhi,0,Furnished,Apartment,9,29625911.311485704
1352,2,4,1,Lucknow,0,Furnished,Apartment,23,10558527.066685181
3853,2,2,2,Delhi,1,Unfurnished,Villa,10,49591908.19479932
562,2,1,2,Kanpur,0,Unfurnished,Apartment,24,3636561.706687887
1740,4,1,2,Jaipur,2,Semi-Furnished,House,1,18025241.9937679
3374,1,1,1,Mumbai,2,Semi-Furnished,House,4,52613511.1583995
3342,3,2,3,Pune,0,Furnished,House,29,37706828.930601776
1188,5,3,3,Delhi,1,Semi-Furnished,House,6,18401704.194518678
1984,3,2,2,Jaipur,1,Semi-Furnished,Villa,5,18024598.202398464
2133,3,3,2,Kanpur,0,Unfurnished,Villa,21,13953032.728925018
2652,1,2,3,Pune,1,Semi-Furnished,Apartment,22,30475411.275028236
3670,1,2,3,Delhi,1,Furnished,Apartment,2,46792440.18041979
1010,1,1,2,Noida,1,Semi-Furnished,Apartment,12,10113437.590296546
884,2,4,2,Jaipur,2,Furnished,Villa,2,9045311.42357189
904,4,4,3,Pune,2,Unfurnished,House,25,11602115.18002044
3370,2,3,1,Delhi,0,Furnished,Apartment,24,43412880.282177486
1017,4,4,2,Jaipur,2,Semi-Furnished,House,29,11167385.157889701
975,4,2,3,Kanpur,1,Unfurnished,Apartment,23,7355063.106309412
2500,3,2,3,Delhi,2,Semi-Furnished,Apartment,20,32681903.89169177
3256,3,1,3,Delhi,0,Unfurnished,Apartment,5,42696849.2334552
2168,4,1,3,Delhi,2,Unfurnished,Apartment,10,28931910.983597483
2393,4,4,1,Bangalore,1,Semi-Furnished,Apartment,27,34175504.02278212
3318,2,3,3,Noida,1,Semi-Furnished,House,25,35705014.46999127
1960,2,4,2,Kanpur,0,Unfurnished,Apartment,16,12562598.891008232
3594,3,4,1,Pune,2,Unfurnished,House,9,42239032.149070114
3544,1,4,3,Bangalore,2,Semi-Furnished,Villa,11,48300901.40656567
3224,4,4,1,Prayagraj,2,Furnished,Apartment,16,18660136.5699906
1213,2,2,2,Bangalore,1,Semi-Furnished,House,3,18354656.449761808
582,3,3,3,Mumbai,0,Unfurnished,Villa,1,10858750.120275708
1668,2,2,2,Mumbai,2,Semi-Furnished,Villa,10,27377425.953585412
3656,4,3,3,Delhi,1,Furnished,Villa,6,48309564.10169486
3649,4,1,3,Bangalore,1,Semi-Furnished,House,1,51940296.886413306
3004,5,4,3,Prayagraj,1,Unfurnished,Apartment,25,16912187.645863734
2401,1,2,3,Bangalore,2,Semi-Furnished,Apartment,17,32705052.587026056
2548,5,3,3,Noida,2,Unfurnished,House,20,29386804.807616815
550,3,1,1,Noida,2,Unfurnished,Apartment,3,8977651.560680246
1184,2,1,3,Prayagraj,2,Semi-Furnished,House,7,7116550.804012282
1216,3,4,3,Bangalore,2,Unfurnished,Apartment,19,17765271.988504935
1969,4,3,1,Jaipur,2,Unfurnished,Villa,13,19259353.256306533
948,5,2,1,Noida,2,Furnished,Apartment,11,13012620.433387686
1380,5,4,1,Noida,2,Furnished,House,21,17161265.068120528
987,5,2,1,Lucknow,2,Furnished,House,20,8661617.067885946
2323,3,1,1,Bangalore,1,Furnished,Villa,26,31231900.56930482
2581,4,2,1,Noida,2,Unfurnished,House,29,28891249.47407246
3919,2,2,3,Kanpur,0,Semi-Furnished,Apartment,17,21722675.526883017
2642,2,4,3,Bangalore,1,Unfurnished,Apartment,10,36664577.05030714
3643,3,2,2,Mumbai,2,Unfurnished,Villa,28,57499631.9609084
2074,5,4,3,Lucknow,0,Unfurnished,House,27,16621251.890499976
2701,1,1,3,Noida,2,Semi-Furnished,Villa,29,29047355.06977637
749,3,4,1,Lucknow,0,Furnished,Apartment,7,6520674.8798506735
1173,3,4,1,Mumbai,0,Unfurnished,Villa,1,20033516.065540284
937,4,3,3,Prayagraj,0,Unfurnished,House,24,4983983.098873606
2665,2,2,2,Prayagraj,0,Furnished,Villa,14,14855345.28337265
1270,3,1,1,Bangalore,1,Unfurnished,House,8,17918506.424624186
3877,3,4,3,Mumbai,1,Semi-Furnished,House,18,60462339.34413584
767,5,1,3,Gurgaon,0,Unfurnished,Apartment,19,12232040.342787283
2484,5,3,2,Gurgaon,2,Unfurnished,Apartment,7,37279595.44590577
1577,1,2,2,Bangalore,0,Furnished,Apartment,24,20471707.5548473
735,4,4,1,Delhi,1,Unfurnished,House,18,11531614.625472452
888,1,2,2,Lucknow,2,Unfurnished,Villa,4,7718460.5520235505
3537,5,3,3,Lucknow,1,Semi-Furnished,House,10,27571665.52994453
1262,2,3,3,Prayagraj,1,Furnished,Apartment,14,7396445.349667338
2348,5,1,2,Gurgaon,2,Furnished,Apartment,7,35281202.388464935
2948,4,4,2,Pune,0,Semi-Furnished,Villa,18,34361750.886375174
1123,5,1,2,Noida,0,Unfurnished,Apartment,22,12518229.87851705
3314,4,3,2,Noida,0,Furnished,Apartment,26,36064757.10983182
3874,4,2,1,Noida,0,Furnished,Apartment,7,42869319.88927161
3466,4,1,2,Prayagraj,2,Unfurnished,Villa,25,18064092.739386875
3778,4,1,1,Mumbai,2,Unfurnished,House,26,58526536.503569335
1752,4,2,3,Jaipur,2,Furnished,Apartment,29,16167500.046634085
3400,2,1,2,Gurgaon,1,Unfurnished,Villa,18,48914652.44145216
1077,1,2,1,Gurgaon,2,Furnished,Apartment,17,15470676.743244426
2622,3,4,2,Pune,0,Unfurnished,Villa,9,31126634.711211957
934,1,2,3,Lucknow,1,Unfurnished,Apartment,28,6257752.97987824
2650,4,4,3,Delhi,0,Semi-Furnished,Villa,6,35537810.077718444
3993,2,2,3,Bangalore,0,Unfurnished,Apartment,27,52672450.43535192
1263,5,3,2,Lucknow,2,Semi-Furnished,House,8,12216707.044047318
3285,2,3,2,Mumbai,2,Unfurnished,Apartment,0,53134160.764516175
3353,4,4,1,Bangalore,0,Furnished,Villa,18,46621350.82390279
1829,2,4,3,Gurgaon,0,Furnished,Apartment,4,26419117.476192117
2645,2,3,2,Mumbai,1,Unfurnished,House,18,41909674.46326788
3345,4,4,3,Bangalore,2,Unfurnished,Apartment,0,48822191.08516873
1858,2,2,3,Pune,1,Furnished,Villa,14,21637650.91827586
3406,3,2,1,Pune,1,Unfurnished,Villa,15,39458277.11229829
2982,3,3,1,Kanpur,1,Semi-Furnished,House,22,17562883.234943032
946,2,1,1,Jaipur,0,Semi-Furnished,Villa,6,9137076.998946706
2517,5,2,1,Pune,1,Semi-Furnished,Apartment,25,29754908.267752692
1831,4,4,3,Gurgaon,1,Semi-Furnished,Apartment,11,28744750.948834296
748,3,1,1,Delhi,0,Semi-Furnished,Apartment,7,10496009.726757422
665,5,1,1,Noida,2,Unfurnished,Villa,4,10003395.734059483
3531,2,2,1,Kanpur,2,Unfurnished,Apartment,9,21100427.87697022
1858,5,2,1,Noida,1,Semi-Furnished,Apartment,27,22086555.80965465
1519,1,1,3,Jaipur,0,Unfurnished,Apartment,20,12714339.693099024
1041,3,1,1,Bangalore,2,Unfurnished,House,4,16388803.659562461
1258,2,3,3,Prayagraj,1,Semi-Furnished,Villa,16,7318511.750388583
3677,4,4,2,Pune,1,Unfurnished,Villa,25,42997029.84974286
2628,2,3,3,Delhi,0,Unfurnished,Villa,4,34643704.615232386
2680,4,2,3,Jaipur,1,Unfurnished,House,21,23726295.399311405
1296,2,3,1,Noida,2,Semi-Furnished,Villa,14,15223834.391851936
3447,5,3,2,Kanpur,0,Unfurnished,House,12,21608020.829598255
